Ctry,Axis,Disp,Rate
Arg,Total,Total ,1.8
Arg,Sex,Boy,1.7
Arg,Sex,Girl,1.8
Arg,Educ,Lower_secondary,2
Arg,Educ,Upper_secondary,1.8
Arg,Educ,Post_secondary_plus,0.8
Arg,Region,One,2.5
Arg,Region,Two,2
Arg,Region,Three,100
Arg,Region,Four,29.5
Arg,WealthQuintile,Poorest,2.4
Arg,WealthQuintile,Second,1.8
Arg,WealthQuintile,Middle,1.5
Arg,WealthQuintile,Fourth,1.7
Arg,WealthQuintile,Richest,0.2
Jam,Total,Total,16.4
Jam,Sex,Boy,18.3
Jam,Sex,Girl,14.2
Jam,Educ,Lower_secondary,22.7
Jam,Educ,Upper_secondary,16.9
Jam,Educ,Post_secondary_plus,13.5
Jam,Region,One,17.1
Jam,Region,Two,16.1
Jam,Region,Three,18.4
Jam,Region,Four,15.7
Jam,WealthQuintile,Poorest,20.9
Jam,WealthQuintile,Second,14.4
Jam,WealthQuintile,Middle,19
Jam,WealthQuintile,Fourth,15.4
Jam,WealthQuintile,Richest,10.4
