Category,CertSeen,CertNOTSeen,NoCert,TotalReg,Number_of_children,Knowledge,NumberWithout
Total,62.2,20.5,16.4,99.1,"1,432",(*),14
Sex, ,,,,,,
    Male,59.4,21.3,18.3,99.1,767,(*),7
    Female,65.4,19.5,14.2,99,665,(*),6
Area, ,,,,,,
    Urban,61,21.5,17.1,99.6,760,(*),3
        Greater Kingston Metropolitan Area,62.2,21.7,16.1,100,441,-,0
        Other Urban Centres,59.4,21.2,18.4,99.1,319,(*),3
    Rural,63.5,19.3,15.7,98.4,672,(*),11
Age (in months), ,,,,,,
    0-11,43.7,16.3,37.3,97.4,272,(*),7
    12-23,56.8,19.4,23.3,99.5,289,(*),1
    24-35,59.7,25.4,14,99.1,283,(*),3
    36-47,73.3,20.3,5.9,99.5,275,(*),1
    48-59,75.6,20.8,3.2,99.6,313,(*),1
Mother’s education, ,,,,,,
    Primary or less,-67.6,-13.1,-14,-94.6,33,(*),2
    Lower secondary,57.2,20.1,22.7,100,163,-,0
    Upper secondary,61,20.8,16.9,98.8,799,(*),10
    Post secondary +,65.6,20.5,13.5,99.6,432,(*),2
    Special education,(*),(*),(*),(*),1,-,0
    Missing/DK,(*),(*),(*),(*),3,-,0
