"","Airlines","Time","City","nF","Total","Total_by_subgroup","PropDelay_by_subgroup","Flights_by_city","PropDelays_by_city_by_airline"
"1","Alaska","On Time","Los Angeles",497,3775,3274,0.867284768211921,559,0.889087656529517
"2","Alaska","On Time","Phoenix",221,3775,3274,0.867284768211921,233,0.948497854077253
"3","Alaska","On Time","San Diego",212,3775,3274,0.867284768211921,232,0.913793103448276
"4","Alaska","On Time","San Francisco",503,3775,3274,0.867284768211921,605,0.831404958677686
"5","Alaska","On Time","Seattle",1841,3775,3274,0.867284768211921,2146,0.857875116495806
"6","Alaska","Delayed","Los Angeles",62,3775,501,0.132715231788079,559,0.110912343470483
"7","Alaska","Delayed","Phoenix",12,3775,501,0.132715231788079,233,0.0515021459227468
"8","Alaska","Delayed","San Diego",20,3775,501,0.132715231788079,232,0.0862068965517241
"9","Alaska","Delayed","San Francisco",102,3775,501,0.132715231788079,605,0.168595041322314
"10","Alaska","Delayed","Seattle",305,3775,501,0.132715231788079,2146,0.142124883504194
"11","AM West","On Time","Los Angeles",694,7225,6438,0.891072664359862,811,0.855733662145499
"12","AM West","On Time","Phoenix",4840,7225,6438,0.891072664359862,5255,0.921027592768792
"13","AM West","On Time","San Diego",383,7225,6438,0.891072664359862,448,0.854910714285714
"14","AM West","On Time","San Francisco",320,7225,6438,0.891072664359862,449,0.712694877505568
"15","AM West","On Time","Seattle",201,7225,6438,0.891072664359862,262,0.767175572519084
"16","AM West","Delayed","Los Angeles",117,7225,787,0.108927335640138,811,0.144266337854501
"17","AM West","Delayed","Phoenix",415,7225,787,0.108927335640138,5255,0.0789724072312084
"18","AM West","Delayed","San Diego",65,7225,787,0.108927335640138,448,0.145089285714286
"19","AM West","Delayed","San Francisco",129,7225,787,0.108927335640138,449,0.287305122494432
"20","AM West","Delayed","Seattle",61,7225,787,0.108927335640138,262,0.232824427480916
